{
  "schemaVersion": 1,
  "id": "ecmod",
  "version": "1.0.0",
  "name": "EC Mod",
  "description": "Keybind ile /team ec komutu çalıştırır ve GUI kapandıktan sonra 1 saniye boyunca yeni GUI açılmasını engeller.",
  "authors": ["Efe"],
  "license": "MIT",
  "environment": "*",
  "entrypoints": {
    "client": [
      "com.efe.ecmod.client.EcModClient"
    ],
    "main": [
      "com.efe.ecmod.EcMod"
    ]
  },
  "mixins": [
    "ecmod.mixins.json"
  ],
  "depends": {
    "fabricloader": ">=0.15.0",
    "fabric": "*",
    "minecraft": "1.21.4"
  }
}